<?xml version="1.0"?>
<!-- 
            DO WHAT THE FUCK YOU WANT TO PUBLIC LICENSE
                    Version 2, December 2004

 Copyright (C) 2004 Sam Hocevar <sam@hocevar.net>

 Everyone is permitted to copy and distribute verbatim or modified
 copies of this license document, and changing it is allowed as long
 as the name is changed.

            DO WHAT THE FUCK YOU WANT TO PUBLIC LICENSE
   TERMS AND CONDITIONS FOR COPYING, DISTRIBUTION AND MODIFICATION

  0. You just DO WHAT THE FUCK YOU WANT TO.

-->
<info>
	<id>user_pwauth</id>
	<name>Unix user backend</name>
	<description>Authenticate Users by PAM</description>
	<version>2.4</version>
	<licence>WTFPL</licence>
	<author>Clément Véret</author>
	<require>8.0</require>
	<types>
		<authentication/>
	</types>
</info>
